first_name,last_name,title,release_year,category_id,old_id
Penelope,Guiness,Academy dinosaur,2006,6,0
Penelope,Guiness,Anaconda confessions,2006,2,1
Penelope,Guiness,Angels life,2006,13,2
Penelope,Guiness,Bulworth commandments,2006,10,3
Penelope,Guiness,Cheaper clyde,2006,14,4
Penelope,Guiness,Color philadelphia,2006,4,5
Penelope,Guiness,Elephant trojan,2006,11,6
Penelope,Guiness,Gleaming jawbreaker,2006,15,7
Penelope,Guiness,Human graffiti,2006,10,8
Penelope,Guiness,King evolution,2006,8,9
Penelope,Guiness,Lady stage,2006,11,10
Penelope,Guiness,Language cowboy,2006,3,11
Penelope,Guiness,Mulholland beast,2006,9,12
Penelope,Guiness,Oklahoma jumanji,2006,13,13
Penelope,Guiness,Rules human,2006,11,14
Penelope,Guiness,Splash gump,2006,8,15
Penelope,Guiness,Vertigo northwest,2006,5,16
Penelope,Guiness,Westward seabiscuit,2006,4,17
Penelope,Guiness,Wizard coldblooded,2006,12,18
Nick,Wahlberg,Adaptation holes,2006,6,19
Nick,Wahlberg,Apache divine,2006,8,20
Nick,Wahlberg,Baby hall,2006,9,21
Nick,Wahlberg,Bull shawshank,2006,1,22
Nick,Wahlberg,Chainsaw uptown,2006,14,23
Nick,Wahlberg,Chisum behavior,2006,8,24
Nick,Wahlberg,Destiny saturday,2006,13,25
Nick,Wahlberg,Dracula crystal,2006,4,26
Nick,Wahlberg,Fight jawbreaker,2006,2,27
Nick,Wahlberg,Flash wars,2006,13,28
Nick,Wahlberg,Gilbert pelican,2006,4,29
Nick,Wahlberg,Goodfellas salute,2006,14,30
Nick,Wahlberg,Happiness united,2006,9,31
Nick,Wahlberg,Indian love,2006,8,32
Nick,Wahlberg,Jekyll frogmen,2006,13,33
Nick,Wahlberg,Jersey sassy,2006,3,34
Nick,Wahlberg,Liaisons sweet,2006,16,35
Nick,Wahlberg,Lucky flying,2006,12,36
Nick,Wahlberg,Maguire apache,2006,8,37
Nick,Wahlberg,Mallrats united,2006,5,38
Nick,Wahlberg,Mask peach,2006,13,39
Nick,Wahlberg,Roof champion,2006,10,40
Nick,Wahlberg,Rushmore mermaid,2006,5,41
Nick,Wahlberg,Smile earring,2006,16,42
Nick,Wahlberg,Wardrobe phantom,2006,7,43
Ed,Chase,Alone trip,2006,12,44
Ed,Chase,Army flintstones,2006,6,45
Ed,Chase,Artist coldblooded,2006,15,46
Ed,Chase,Boondock ballroom,2006,16,47
Ed,Chase,Caddyshack jedi,2006,1,48
Ed,Chase,Cowboy doom,2006,9,49
Ed,Chase,Eve resurrection,2006,13,50
Ed,Chase,Forrest sons,2006,1,51
Ed,Chase,French holiday,2006,6,52
Ed,Chase,Frost head,2006,4,53
Ed,Chase,Halloween nuts,2006,6,54
Ed,Chase,Hunter alter,2006,6,55
Ed,Chase,Image princess,2006,15,56
Ed,Chase,Jeepers wedding,2006,4,57
Ed,Chase,Luck opus,2006,7,58
Ed,Chase,Necklace outbreak,2006,7,59
Ed,Chase,Platoon instinct,2006,13,60
Ed,Chase,Spice sorority,2006,7,61
Ed,Chase,Wedding apollo,2006,6,62
Ed,Chase,Weekend personal,2006,14,63
Ed,Chase,Whale bikini,2006,9,64
Ed,Chase,Young language,2006,6,65
Jennifer,Davis,Anaconda confessions,2006,2,66
Jennifer,Davis,Angels life,2006,13,67
Jennifer,Davis,Barefoot manchurian,2006,1,68
Jennifer,Davis,Bed highball,2006,6,69
Jennifer,Davis,Blade polish,2006,7,70
Jennifer,Davis,Boondock ballroom,2006,16,71
Jennifer,Davis,Ghostbusters elf,2006,2,72
Jennifer,Davis,Greedy roots,2006,7,73
Jennifer,Davis,Hanover galaxy,2006,12,74
Jennifer,Davis,Instinct airport,2006,15,75
Jennifer,Davis,Jumanji blade,2006,13,76
Jennifer,Davis,National story,2006,6,77
Jennifer,Davis,Oklahoma jumanji,2006,13,78
Jennifer,Davis,Poseidon forever,2006,15,79
Jennifer,Davis,Raiders antitrust,2006,6,80
Jennifer,Davis,Random go,2006,14,81
Jennifer,Davis,Reds pocus,2006,12,82
Jennifer,Davis,Silverado goldfinger,2006,14,83
Jennifer,Davis,Splash gump,2006,8,84
Jennifer,Davis,Submarine bed,2006,5,85
Jennifer,Davis,Treasure command,2006,11,86
Jennifer,Davis,Unforgiven zoolander,2006,14,87
Johnny,Lollobrigida,Amadeus holy,2006,1,88
Johnny,Lollobrigida,Banger pinocchio,2006,12,89
Johnny,Lollobrigida,Bonnie holocaust,2006,6,90
Johnny,Lollobrigida,Chitty lock,2006,7,91
Johnny,Lollobrigida,Commandments express,2006,11,92
Johnny,Lollobrigida,Coneheads smoochy,2006,7,93
Johnny,Lollobrigida,Daddy pittsburgh,2006,5,94
Johnny,Lollobrigida,Daisy menagerie,2006,14,95
Johnny,Lollobrigida,Enough raging,2006,16,96
Johnny,Lollobrigida,Escape metropolis,2006,16,97
Johnny,Lollobrigida,Fire wolves,2006,10,98
Johnny,Lollobrigida,Frontier cabin,2006,13,99
Johnny,Lollobrigida,Goodfellas salute,2006,14,100
Johnny,Lollobrigida,Grail frankenstein,2006,1,101
Johnny,Lollobrigida,Groove fiction,2006,15,102
Johnny,Lollobrigida,Hall cassidy,2006,3,103
Johnny,Lollobrigida,Heavenly gun,2006,12,104
Johnny,Lollobrigida,Kramer chocolate,2006,15,105
Johnny,Lollobrigida,Love suicides,2006,11,106
Johnny,Lollobrigida,Metal armageddon,2006,6,107
Johnny,Lollobrigida,Pacific amistad,2006,6,108
Johnny,Lollobrigida,Patton interview,2006,11,109
Johnny,Lollobrigida,Pocus pulp,2006,6,110
Johnny,Lollobrigida,Ridgemont submarine,2006,13,111
Johnny,Lollobrigida,Rings heartbreakers,2006,1,112
Johnny,Lollobrigida,Smile earring,2006,16,113
Johnny,Lollobrigida,Soldiers evolution,2006,14,114
Johnny,Lollobrigida,Star operation,2006,15,115
Johnny,Lollobrigida,Sunrise league,2006,2,116
Bette,Nicholson,Antitrust tomatoes,2006,1,117
Bette,Nicholson,Bang kwai,2006,8,118
Bette,Nicholson,Beast hunchback,2006,4,119
Bette,Nicholson,Bikini borrowers,2006,2,120
Bette,Nicholson,Calendar gunfight,2006,9,121
Bette,Nicholson,Coast rainbow,2006,6,122
Bette,Nicholson,Coldblooded darling,2006,14,123
Bette,Nicholson,Crossroads casualties,2006,2,124
Bette,Nicholson,Drop waterfront,2006,15,125
Bette,Nicholson,Igby maker,2006,16,126
Bette,Nicholson,Kramer chocolate,2006,15,127
Bette,Nicholson,Language cowboy,2006,3,128
Bette,Nicholson,Lesson cleopatra,2006,15,129
Bette,Nicholson,Liberty magnificent,2006,15,130
Bette,Nicholson,Mulholland beast,2006,9,131
Bette,Nicholson,Potluck mixed,2006,2,132
Bette,Nicholson,Speed suit,2006,16,133
Bette,Nicholson,Titanic boondock,2006,2,134
Bette,Nicholson,Trading pinocchio,2006,15,135
Bette,Nicholson,Wyoming storm,2006,13,136
Grace,Mostel,Angels life,2006,13,137
Grace,Mostel,Anonymous human,2006,15,138
Grace,Mostel,Arachnophobia rollercoaster,2006,11,139
Grace,Mostel,Berets agent,2006,1,140
Grace,Mostel,Breaking home,2006,13,141
Grace,Mostel,Command darling,2006,9,142
Grace,Mostel,Confessions maguire,2006,7,143
Grace,Mostel,Dazed punk,2006,10,144
Grace,Mostel,Deceiver betrayed,2006,7,145
Grace,Mostel,Destination jerk,2006,7,146
Grace,Mostel,Excitement eve,2006,1,147
Grace,Mostel,Gaslight crusade,2006,11,148
Grace,Mostel,Hellfighters sierra,2006,9,149
Grace,Mostel,Instinct airport,2006,15,150
Grace,Mostel,Malkovich pet,2006,4,151
Grace,Mostel,Necklace outbreak,2006,7,152
Grace,Mostel,October submarine,2006,4,153
Grace,Mostel,Open african,2006,14,154
Grace,Mostel,Poseidon forever,2006,15,155
Grace,Mostel,Saints bride,2006,7,156
Grace,Mostel,Savannah town,2006,7,157
Grace,Mostel,Scissorhands slums,2006,9,158
Grace,Mostel,Sleepless monsoon,2006,2,159
Grace,Mostel,Sleepy japanese,2006,13,160
Grace,Mostel,Sting personal,2006,13,161
Grace,Mostel,Town ark,2006,9,162
Grace,Mostel,Tracy cider,2006,2,163
Grace,Mostel,Treatment jekyll,2006,7,164
Grace,Mostel,War notting,2006,9,165
Grace,Mostel,Warlock werewolf,2006,3,166
Matthew,Johansson,Baby hall,2006,9,167
Matthew,Johansson,Campus remember,2006,1,168
Matthew,Johansson,Clones pinocchio,2006,12,169
Matthew,Johansson,Conquerer nuts,2006,7,170
Matthew,Johansson,Crowds telemark,2006,14,171
Matthew,Johansson,Dances none,2006,1,172
Matthew,Johansson,Driving polish,2006,12,173
Matthew,Johansson,Durham panky,2006,15,174
Matthew,Johansson,Flash wars,2006,13,175
Matthew,Johansson,Hanging deep,2006,7,176
Matthew,Johansson,Indian love,2006,8,177
Matthew,Johansson,Lights deer,2006,4,178
Matthew,Johansson,Loser hustler,2006,15,179
Matthew,Johansson,Malkovich pet,2006,4,180
Matthew,Johansson,Runner madigan,2006,12,181
Matthew,Johansson,School jacket,2006,9,182
Matthew,Johansson,Scorpion apollo,2006,7,183
Matthew,Johansson,Sugar wonka,2006,2,184
Matthew,Johansson,Tomorrow hustler,2006,4,185
Matthew,Johansson,Vanishing rocky,2006,12,186
Joe,Swank,Anything savannah,2006,11,187
Joe,Swank,Birch antitrust,2006,12,188
Joe,Swank,Chocolat harry,2006,8,189
Joe,Swank,Chocolate duck,2006,9,190
Joe,Swank,Crooked frogmen,2006,3,191
Joe,Swank,Curtain videotape,2006,10,192
Joe,Swank,Dalmations sweden,2006,7,193
Joe,Swank,Horror reign,2006,16,194
Joe,Swank,Lawless vision,2006,2,195
Joe,Swank,Lebowski soldiers,2006,7,196
Joe,Swank,Majestic floats,2006,6,197
Joe,Swank,Pacific amistad,2006,6,198
Joe,Swank,Perdition fargo,2006,15,199
Joe,Swank,Primary glass,2006,1,200
Joe,Swank,Reef salute,2006,11,201
Joe,Swank,Runner madigan,2006,12,202
Joe,Swank,Smile earring,2006,16,203
Joe,Swank,Snatchers montezuma,2006,4,204
Joe,Swank,Sunrise league,2006,2,205
Joe,Swank,Sweethearts suspects,2006,3,206
Joe,Swank,Ties hunger,2006,3,207
Joe,Swank,Traffic hobbit,2006,16,208
Joe,Swank,Untouchables sunrise,2006,6,209
Joe,Swank,Waterfront deliverance,2006,1,210
Joe,Swank,Wild apollo,2006,13,211
Christian,Gable,Academy dinosaur,2006,6,212
Christian,Gable,Alabama devil,2006,11,213
Christian,Gable,Crooked frogmen,2006,3,214
Christian,Gable,Divine resurrection,2006,10,215
Christian,Gable,Dragonfly strangers,2006,13,216
Christian,Gable,Goldfinger sensibility,2006,7,217
Christian,Gable,Jawbreaker brooklyn,2006,12,218
Christian,Gable,Jeepers wedding,2006,4,219
Christian,Gable,Life twisted,2006,5,220
Christian,Gable,Lord arizona,2006,1,221
Christian,Gable,Mod secretary,2006,6,222
Christian,Gable,Prejudice oleander,2006,4,223
Christian,Gable,Punk divorce,2006,2,224
Christian,Gable,Reap unfaithful,2006,11,225
Christian,Gable,Shakespeare saddle,2006,15,226
Christian,Gable,Trouble date,2006,16,227
Christian,Gable,Usual untouchables,2006,9,228
Christian,Gable,Vacation boondock,2006,14,229
Christian,Gable,Waterfront deliverance,2006,1,230
Christian,Gable,Wedding apollo,2006,6,231
Christian,Gable,Wizard coldblooded,2006,12,232
Christian,Gable,Won dares,2006,12,233
Zero,Cage,Canyon stock,2006,2,234
Zero,Cage,Dances none,2006,1,235
Zero,Cage,Encino elf,2006,10,236
Zero,Cage,Ending crowds,2006,13,237
Zero,Cage,Gandhi kwai,2006,8,238
Zero,Cage,Godfather diary,2006,13,239
Zero,Cage,Handicap boondock,2006,1,240
Zero,Cage,Honey ties,2006,15,241
Zero,Cage,Horn working,2006,2,242
Zero,Cage,Image princess,2006,15,243
Zero,Cage,Jersey sassy,2006,3,244
Zero,Cage,Loser hustler,2006,15,245
Zero,Cage,Meet chocolate,2006,9,246
Zero,Cage,Mod secretary,2006,6,247
Zero,Cage,Moonwalker fool,2006,10,248
Zero,Cage,Oleander clue,2006,12,249
Zero,Cage,Racer egg,2006,7,250
Zero,Cage,Story side,2006,1,251
Zero,Cage,Strangers graffiti,2006,11,252
Zero,Cage,Thin sagebrush,2006,6,253
Zero,Cage,Tootsie pilot,2006,3,254
Zero,Cage,Uptown young,2006,3,255
Zero,Cage,Velvet terminator,2006,5,256
Zero,Cage,West lion,2006,7,257
Zero,Cage,Worker tarzan,2006,16,258
Karl,Berry,Alley evolution,2006,9,259
Karl,Berry,Alone trip,2006,12,260
Karl,Berry,Arabia dogma,2006,11,261
Karl,Berry,Arizona bang,2006,4,262
Karl,Berry,Bound cheaper,2006,4,263
Karl,Berry,Bowfinger gables,2006,11,264
Karl,Berry,Bunch minds,2006,7,265
Karl,Berry,Cleopatra devil,2006,13,266
Karl,Berry,Connecticut tramp,2006,14,267
Karl,Berry,Dares pluto,2006,2,268
Karl,Berry,Date speed,2006,8,269
Karl,Berry,Day unfaithful,2006,13,270
Karl,Berry,Doors president,2006,2,271
Karl,Berry,Fury murder,2006,3,272
Karl,Berry,Hardly robbers,2006,6,273
Karl,Berry,Highball potter,2006,9,274
Karl,Berry,Holes brannigan,2006,15,275
Karl,Berry,Independence hotel,2006,6,276
Karl,Berry,Leathernecks dwarfs,2006,16,277
Karl,Berry,Lucky flying,2006,12,278
Karl,Berry,Monterey labyrinth,2006,11,279
Karl,Berry,Novocaine flight,2006,15,280
Karl,Berry,Oklahoma jumanji,2006,13,281
Karl,Berry,Perfect groove,2006,5,282
Karl,Berry,Reap unfaithful,2006,11,283
Karl,Berry,Reunion witches,2006,7,284
Karl,Berry,Smoking barbarella,2006,6,285
Karl,Berry,Stagecoach armageddon,2006,1,286
Karl,Berry,Sweden shining,2006,5,287
Karl,Berry,Telemark heartbreakers,2006,2,288
Karl,Berry,Virginian pluto,2006,6,289
Uma,Wood,Alone trip,2006,12,290
Uma,Wood,Antitrust tomatoes,2006,1,291
Uma,Wood,Attraction newton,2006,13,292
Uma,Wood,Boondock ballroom,2006,16,293
Uma,Wood,Cabin flash,2006,3,294
Uma,Wood,Chinatown gladiator,2006,13,295
Uma,Wood,Clash freddy,2006,2,296
Uma,Wood,Clueless bucket,2006,1,297
Uma,Wood,Daisy menagerie,2006,14,298
Uma,Wood,Driver annie,2006,15,299
Uma,Wood,Frida slipper,2006,9,300
Uma,Wood,Galaxy sweethearts,2006,4,301
Uma,Wood,Grinch massage,2006,10,302
Uma,Wood,Groundhog uncut,2006,5,303
Uma,Wood,Homeward cider,2006,6,304
Uma,Wood,Inch jet,2006,2,305
Uma,Wood,Leathernecks dwarfs,2006,16,306
Uma,Wood,Legally secretary,2006,3,307
Uma,Wood,Life twisted,2006,5,308
Uma,Wood,Lion uncut,2006,5,309
Uma,Wood,Lolita world,2006,8,310
Uma,Wood,Metal armageddon,2006,6,311
Uma,Wood,Model fish,2006,3,312
Uma,Wood,Moonwalker fool,2006,10,313
Uma,Wood,Motions details,2006,11,314
Uma,Wood,Rebel airport,2006,12,315
Uma,Wood,Rider caddyshack,2006,15,316
Uma,Wood,Snowman rollercoaster,2006,2,317
Uma,Wood,Soldiers evolution,2006,14,318
Uma,Wood,Splash gump,2006,8,319
Uma,Wood,Splendor patton,2006,3,320
Uma,Wood,Steel santa,2006,4,321
Uma,Wood,Torque bound,2006,7,322
Uma,Wood,Wedding apollo,2006,6,323
Uma,Wood,Zhivago core,2006,11,324
Vivien,Bergen,Clash freddy,2006,2,325
Vivien,Bergen,Cranes reservoir,2006,15,326
Vivien,Bergen,Dirty ace,2006,10,327
Vivien,Bergen,Donnie alley,2006,2,328
Vivien,Bergen,Drifter commandments,2006,1,329
Vivien,Bergen,Driving polish,2006,12,330
Vivien,Bergen,Drums dynamite,2006,11,331
Vivien,Bergen,Enemy odds,2006,12,332
Vivien,Bergen,Excitement eve,2006,1,333
Vivien,Bergen,Gorgeous bingo,2006,3,334
Vivien,Bergen,High encino,2006,11,335
Vivien,Bergen,Hills neighbors,2006,1,336
Vivien,Bergen,Hobbit alien,2006,7,337
Vivien,Bergen,Impact aladdin,2006,12,338
Vivien,Bergen,Italian african,2006,16,339
Vivien,Bergen,Japanese run,2006,11,340
Vivien,Bergen,Kentuckian giant,2006,11,341
Vivien,Bergen,Lovely jingle,2006,4,342
Vivien,Bergen,Lover truman,2006,4,343
Vivien,Bergen,Mussolini spoilers,2006,15,344
Vivien,Bergen,Polish brooklyn,2006,3,345
Vivien,Bergen,Salute apollo,2006,13,346
Vivien,Bergen,Saturday lambs,2006,15,347
Vivien,Bergen,Stock glass,2006,13,348
Vivien,Bergen,Streetcar intentions,2006,11,349
Vivien,Bergen,Tights dawn,2006,15,350
Vivien,Bergen,Trap guys,2006,9,351
Vivien,Bergen,Tycoon gathering,2006,10,352
Vivien,Bergen,Voice peach,2006,13,353
Vivien,Bergen,Westward seabiscuit,2006,4,354
Cuba,Olivier,Apache divine,2006,8,355
Cuba,Olivier,Borrowers bedazzled,2006,2,356
Cuba,Olivier,Bound cheaper,2006,4,357
Cuba,Olivier,Butch panther,2006,13,358
Cuba,Olivier,Cassidy wyoming,2006,16,359
Cuba,Olivier,Divine resurrection,2006,10,360
Cuba,Olivier,Egypt tenenbaums,2006,11,361
Cuba,Olivier,Empire malkovich,2006,3,362
Cuba,Olivier,Flying hook,2006,2,363
Cuba,Olivier,Fugitive maguire,2006,16,364
Cuba,Olivier,Hellfighters sierra,2006,9,365
Cuba,Olivier,Hyde doctor,2006,4,366
Cuba,Olivier,Kiss glory,2006,9,367
Cuba,Olivier,Knock warlock,2006,5,368
Cuba,Olivier,Luke mummy,2006,2,369
Cuba,Olivier,Maker gables,2006,3,370
Cuba,Olivier,Montezuma command,2006,1,371
Cuba,Olivier,Noon papi,2006,3,372
Cuba,Olivier,Oklahoma jumanji,2006,13,373
Cuba,Olivier,Roses treasure,2006,15,374
Cuba,Olivier,Shane darkness,2006,16,375
Cuba,Olivier,Siege madre,2006,8,376
Cuba,Olivier,Soldiers evolution,2006,14,377
Cuba,Olivier,Theory mermaid,2006,2,378
Cuba,Olivier,Unforgiven zoolander,2006,14,379
Cuba,Olivier,Volcano texas,2006,10,380
Cuba,Olivier,Werewolf lola,2006,1,381
Cuba,Olivier,Wonderland christmas,2006,14,382
Fred,Costner,Blanket beverly,2006,8,383
Fred,Costner,Boondock ballroom,2006,16,384
Fred,Costner,Brotherhood blanket,2006,6,385
Fred,Costner,Carol texas,2006,2,386
Fred,Costner,Cleopatra devil,2006,13,387
Fred,Costner,Connecticut tramp,2006,14,388
Fred,Costner,Deceiver betrayed,2006,7,389
Fred,Costner,Deliverance mulholland,2006,6,390
Fred,Costner,Eagles panky,2006,13,391
Fred,Costner,Earring instinct,2006,8,392
Fred,Costner,Easy gladiator,2006,1,393
Fred,Costner,Empire malkovich,2006,3,394
Fred,Costner,Entrapment satisfaction,2006,1,395
Fred,Costner,Gables metropolis,2006,8,396
Fred,Costner,Human graffiti,2006,10,397
Fred,Costner,Image princess,2006,15,398
Fred,Costner,Impossible prejudice,2006,9,399
Fred,Costner,Inch jet,2006,2,400
Fred,Costner,Kramer chocolate,2006,15,401
Fred,Costner,Magnificent chitty,2006,4,402
Fred,Costner,Miracle virtual,2006,2,403
Fred,Costner,Mission zoolander,2006,2,404
Fred,Costner,Rear trading,2006,1,405
Fred,Costner,Saints bride,2006,7,406
Fred,Costner,Sense greek,2006,15,407
Fred,Costner,Theory mermaid,2006,2,408
Fred,Costner,Weekend personal,2006,14,409
Helen,Voight,Breaking home,2006,13,410
Helen,Voight,Caper motions,2006,5,411
Helen,Voight,Casper dragonfly,2006,3,412
Helen,Voight,Cat coneheads,2006,5,413
Helen,Voight,Clash freddy,2006,2,414
Helen,Voight,Cupboard sinners,2006,6,415
Helen,Voight,Cyclone family,2006,9,416
Helen,Voight,Divine resurrection,2006,10,417
Helen,Voight,Empire malkovich,2006,3,418
Helen,Voight,Fever empire,2006,10,419
Helen,Voight,Fidelity devil,2006,11,420
Helen,Voight,Greatest north,2006,12,421
Helen,Voight,Independence hotel,2006,6,422
Helen,Voight,Iron moon,2006,4,423
Helen,Voight,Jaws harry,2006,5,424
Helen,Voight,Kiss glory,2006,9,425
Helen,Voight,Legally secretary,2006,3,426
Helen,Voight,Lies treatment,2006,7,427
Helen,Voight,Microcosmos paradise,2006,3,428
Helen,Voight,Movie shakespeare,2006,8,429
Helen,Voight,Mummy creatures,2006,15,430
Helen,Voight,Road roxanne,2006,6,431
Helen,Voight,Scissorhands slums,2006,9,432
Helen,Voight,Side ark,2006,1,433
Helen,Voight,Sinners atlantis,2006,11,434
Helen,Voight,Stranger strangers,2006,3,435
Helen,Voight,Sweethearts suspects,2006,3,436
Helen,Voight,Tadpole park,2006,4,437
Helen,Voight,Telemark heartbreakers,2006,2,438
Helen,Voight,Voice peach,2006,13,439
Helen,Voight,War notting,2006,9,440
Helen,Voight,Warlock werewolf,2006,3,441
Dan,Torn,Attacks hate,2006,14,442
Dan,Torn,Boiled dares,2006,16,443
Dan,Torn,Chinatown gladiator,2006,13,444
Dan,Torn,Coneheads smoochy,2006,7,445
Dan,Torn,Early home,2006,2,446
Dan,Torn,Elizabeth shane,2006,15,447
Dan,Torn,Empire malkovich,2006,3,448
Dan,Torn,Flash wars,2006,13,449
Dan,Torn,Gump date,2006,16,450
Dan,Torn,Innocent usual,2006,9,451
Dan,Torn,Insider arizona,2006,12,452
Dan,Torn,Jerk paycheck,2006,4,453
Dan,Torn,Lovely jingle,2006,4,454
Dan,Torn,Mask peach,2006,13,455
Dan,Torn,Mussolini spoilers,2006,15,456
Dan,Torn,Rear trading,2006,1,457
Dan,Torn,Sling luke,2006,4,458
Dan,Torn,State wasteland,2006,10,459
Dan,Torn,Sun confessions,2006,14,460
Dan,Torn,Tequila past,2006,3,461
Dan,Torn,Tuxedo mile,2006,15,462
Dan,Torn,Virgin daisy,2006,7,463
Bob,Fawcett,Ace goldfinger,2006,11,464
Bob,Fawcett,Adaptation holes,2006,6,465
Bob,Fawcett,Chinatown gladiator,2006,13,466
Bob,Fawcett,Circus youth,2006,3,467
Bob,Fawcett,Control anthem,2006,5,468
Bob,Fawcett,Dares pluto,2006,2,469
Bob,Fawcett,Darn forrester,2006,1,470
Bob,Fawcett,Dazed punk,2006,10,471
Bob,Fawcett,Dynamite tarzan,2006,4,472
Bob,Fawcett,Hate handicap,2006,5,473
Bob,Fawcett,Homicide peach,2006,8,474
Bob,Fawcett,Jacket frisco,2006,7,475
Bob,Fawcett,Jumanji blade,2006,13,476
Bob,Fawcett,Lawless vision,2006,2,477
Bob,Fawcett,Leathernecks dwarfs,2006,16,478
Bob,Fawcett,Oscar gold,2006,2,479
Bob,Fawcett,Pelican comforts,2006,6,480
Bob,Fawcett,Personal ladybugs,2006,12,481
Bob,Fawcett,Raging airplane,2006,14,482
Bob,Fawcett,Run pacific,2006,13,483
Bob,Fawcett,Runner madigan,2006,12,484
Bob,Fawcett,Saddle antitrust,2006,5,485
Bob,Fawcett,Scorpion apollo,2006,7,486
Bob,Fawcett,Shawshank bubble,2006,16,487
Bob,Fawcett,Taxi kick,2006,12,488
Lucille,Tracy,Academy dinosaur,2006,6,489
Lucille,Tracy,Banger pinocchio,2006,12,490
Lucille,Tracy,Bedazzled married,2006,8,491
Lucille,Tracy,Cheaper clyde,2006,14,492
Lucille,Tracy,Chitty lock,2006,7,493
Lucille,Tracy,Coldblooded darling,2006,14,494
Lucille,Tracy,Dinosaur secretary,2006,8,495
Lucille,Tracy,Doors president,2006,2,496
Lucille,Tracy,Earring instinct,2006,8,497
Lucille,Tracy,Egg igby,2006,6,498
Lucille,Tracy,Gandhi kwai,2006,8,499
Lucille,Tracy,Goldfinger sensibility,2006,7,500
Lucille,Tracy,Hyde doctor,2006,4,501
Lucille,Tracy,Jaws harry,2006,5,502
Lucille,Tracy,Jungle closer,2006,13,503
Lucille,Tracy,King evolution,2006,8,504
Lucille,Tracy,Lola agent,2006,11,505
Lucille,Tracy,Lose inch,2006,9,506
Lucille,Tracy,Loverboy attacks,2006,13,507
Lucille,Tracy,Modern dorado,2006,6,508
Lucille,Tracy,Orient closer,2006,7,509
Lucille,Tracy,Pajama jawbreaker,2006,4,510
Lucille,Tracy,Patient sister,2006,4,511
Lucille,Tracy,Random go,2006,14,512
Lucille,Tracy,Rear trading,2006,1,513
Lucille,Tracy,Sagebrush clueless,2006,6,514
Lucille,Tracy,Shanghai tycoon,2006,16,515
Lucille,Tracy,Sun confessions,2006,14,516
Lucille,Tracy,Wasteland divine,2006,4,517
Lucille,Tracy,Window side,2006,16,518
Kirsten,Paltrow,Agent truman,2006,9,519
Kirsten,Paltrow,Boondock ballroom,2006,16,520
Kirsten,Paltrow,Born spinal,2006,16,521
Kirsten,Paltrow,Chicken hellfighters,2006,6,522
Kirsten,Paltrow,Closer bang,2006,5,523
Kirsten,Paltrow,Conquerer nuts,2006,7,524
Kirsten,Paltrow,Drifter commandments,2006,1,525
Kirsten,Paltrow,Encino elf,2006,10,526
Kirsten,Paltrow,Flash wars,2006,13,527
Kirsten,Paltrow,Hanover galaxy,2006,12,528
Kirsten,Paltrow,Home pity,2006,12,529
Kirsten,Paltrow,Honey ties,2006,15,530
Kirsten,Paltrow,Kill brotherhood,2006,6,531
Kirsten,Paltrow,Ladybugs armageddon,2006,10,532
Kirsten,Paltrow,Lord arizona,2006,1,533
Kirsten,Paltrow,Pinocchio simon,2006,5,534
Kirsten,Paltrow,Pluto oleander,2006,13,535
Kirsten,Paltrow,Prix undefeated,2006,8,536
Kirsten,Paltrow,Pulp beverly,2006,11,537
Kirsten,Paltrow,River outlaw,2006,15,538
Kirsten,Paltrow,Road roxanne,2006,6,539
Kirsten,Paltrow,Silverado goldfinger,2006,14,540
Kirsten,Paltrow,Sleeping suspects,2006,11,541
Kirsten,Paltrow,Thief pelican,2006,2,542
Kirsten,Paltrow,Titans jerk,2006,14,543
Kirsten,Paltrow,Unbreakable karate,2006,13,544
Kirsten,Paltrow,Won dares,2006,12,545
Elvis,Marx,Alabama devil,2006,11,546
Elvis,Marx,Anaconda confessions,2006,2,547
Elvis,Marx,Barefoot manchurian,2006,1,548
Elvis,Marx,Borrowers bedazzled,2006,2,549
Elvis,Marx,Caddyshack jedi,2006,1,550
Elvis,Marx,Chitty lock,2006,7,551
Elvis,Marx,Evolution alter,2006,15,552
Elvis,Marx,Expecations natural,2006,16,553
Elvis,Marx,Gangs pride,2006,2,554
Elvis,Marx,Goodfellas salute,2006,14,555
Elvis,Marx,Hobbit alien,2006,7,556
Elvis,Marx,Hook chariots,2006,2,557
Elvis,Marx,Jericho mulan,2006,10,558
Elvis,Marx,Jumping wrath,2006,3,559
Elvis,Marx,Kentuckian giant,2006,11,560
Elvis,Marx,Lovely jingle,2006,4,561
Elvis,Marx,Motions details,2006,11,562
Elvis,Marx,Odds boogie,2006,8,563
Elvis,Marx,Outlaw hanky,2006,16,564
Elvis,Marx,Polish brooklyn,2006,3,565
Elvis,Marx,Right cranes,2006,4,566
Elvis,Marx,Roof champion,2006,10,567
Elvis,Marx,Seattle expecations,2006,7,568
Elvis,Marx,Sky miracle,2006,1,569
Elvis,Marx,Trojan tomorrow,2006,14,570
Elvis,Marx,Waterfront deliverance,2006,1,571
Sandra,Kilmer,Agent truman,2006,9,572
Sandra,Kilmer,Artist coldblooded,2006,15,573
Sandra,Kilmer,Blackout private,2006,2,574
Sandra,Kilmer,Bull shawshank,2006,1,575
Sandra,Kilmer,Candidate perdition,2006,4,576
Sandra,Kilmer,Candles grapes,2006,10,577
Sandra,Kilmer,Cassidy wyoming,2006,16,578
Sandra,Kilmer,Darn forrester,2006,1,579
Sandra,Kilmer,Destiny saturday,2006,13,580
Sandra,Kilmer,Divide monster,2006,14,581
Sandra,Kilmer,Driver annie,2006,15,582
Sandra,Kilmer,Goldmine tycoon,2006,14,583
Sandra,Kilmer,Gorgeous bingo,2006,3,584
Sandra,Kilmer,Hellfighters sierra,2006,9,585
Sandra,Kilmer,Hocus frida,2006,8,586
Sandra,Kilmer,Hotel happiness,2006,9,587
Sandra,Kilmer,Identity lover,2006,14,588
Sandra,Kilmer,Jumping wrath,2006,3,589
Sandra,Kilmer,Lovely jingle,2006,4,590
Sandra,Kilmer,Magnolia forrester,2006,1,591
Sandra,Kilmer,Oleander clue,2006,12,592
Sandra,Kilmer,Oz liaisons,2006,2,593
Sandra,Kilmer,Personal ladybugs,2006,12,594
Sandra,Kilmer,Poseidon forever,2006,15,595
Sandra,Kilmer,Savannah town,2006,7,596
Sandra,Kilmer,Shakespeare saddle,2006,15,597
Sandra,Kilmer,Sleeping suspects,2006,11,598
Sandra,Kilmer,Sons interview,2006,2,599
Sandra,Kilmer,Speed suit,2006,16,600
Sandra,Kilmer,Splendor patton,2006,3,601
Sandra,Kilmer,State wasteland,2006,10,602
Sandra,Kilmer,Stranger strangers,2006,3,603
Sandra,Kilmer,Streak ridgemont,2006,6,604
Sandra,Kilmer,Streetcar intentions,2006,11,605
Sandra,Kilmer,Vanished garden,2006,13,606
Sandra,Kilmer,Wolves desire,2006,16,607
Sandra,Kilmer,Youth kick,2006,12,608
Cameron,Streep,Adaptation holes,2006,6,609
Cameron,Streep,Blues instinct,2006,8,610
Cameron,Streep,Calendar gunfight,2006,9,611
Cameron,Streep,Casualties encino,2006,1,612
Cameron,Streep,Chocolate duck,2006,9,613
Cameron,Streep,Coast rainbow,2006,6,614
Cameron,Streep,Connection microcosmos,2006,5,615
Cameron,Streep,Crow grease,2006,1,616
Cameron,Streep,Cupboard sinners,2006,6,617
Cameron,Streep,Doom dancing,2006,5,618
Cameron,Streep,Drop waterfront,2006,15,619
Cameron,Streep,Elephant trojan,2006,11,620
Cameron,Streep,Freedom cleopatra,2006,5,621
Cameron,Streep,Haunted antitrust,2006,16,622
Cameron,Streep,Instinct airport,2006,15,623
Cameron,Streep,Legally secretary,2006,3,624
Cameron,Streep,Mob duffel,2006,7,625
Cameron,Streep,Movie shakespeare,2006,8,626
Cameron,Streep,Panic club,2006,11,627
Cameron,Streep,Pure runner,2006,5,628
Cameron,Streep,Seven swarm,2006,10,629
Cameron,Streep,Spinal rocky,2006,8,630
Cameron,Streep,Splash gump,2006,8,631
Cameron,Streep,West lion,2006,7,632
Kevin,Bloom,American circus,2006,1,633
Kevin,Bloom,Boogie amelie,2006,12,634
Kevin,Bloom,Citizen shrek,2006,14,635
Kevin,Bloom,Conquerer nuts,2006,7,636
Kevin,Bloom,Dalmations sweden,2006,7,637
Kevin,Bloom,Date speed,2006,8,638
Kevin,Bloom,Destiny saturday,2006,13,639
Kevin,Bloom,Double wrath,2006,2,640
Kevin,Bloom,Fiction christmas,2006,9,641
Kevin,Bloom,Hate handicap,2006,5,642
Kevin,Bloom,Heavenly gun,2006,12,643
Kevin,Bloom,Holes brannigan,2006,15,644
Kevin,Bloom,Loverboy attacks,2006,13,645
Kevin,Bloom,Massage image,2006,2,646
Kevin,Bloom,Mission zoolander,2006,2,647
Kevin,Bloom,Mummy creatures,2006,15,648
Kevin,Bloom,Polish brooklyn,2006,3,649
Kevin,Bloom,Primary glass,2006,1,650
Kevin,Bloom,Sabrina midnight,2006,3,651
Kevin,Bloom,Sweden shining,2006,5,652
Kevin,Bloom,Trouble date,2006,16,653
Rip,Crawford,Alabama devil,2006,11,654
Rip,Crawford,American circus,2006,1,655
Rip,Crawford,Arabia dogma,2006,11,656
Rip,Crawford,Boulevard mob,2006,13,657
Rip,Crawford,Brannigan sunrise,2006,13,658
Rip,Crawford,Bucket brotherhood,2006,16,659
Rip,Crawford,Chocolat harry,2006,8,660
Rip,Crawford,Craft outfield,2006,7,661
Rip,Crawford,Cyclone family,2006,9,662
Rip,Crawford,Destination jerk,2006,7,663
Rip,Crawford,Donnie alley,2006,2,664
Rip,Crawford,Fool mockingbird,2006,1,665
Rip,Crawford,Forrest sons,2006,1,666
Rip,Crawford,Frontier cabin,2006,13,667
Rip,Crawford,Gables metropolis,2006,8,668
Rip,Crawford,Guys falcon,2006,14,669
Rip,Crawford,Hall cassidy,2006,3,670
Rip,Crawford,Lonely elephant,2006,5,671
Rip,Crawford,Madison trap,2006,6,672
Rip,Crawford,Massage image,2006,2,673
Rip,Crawford,Oklahoma jumanji,2006,13,674
Rip,Crawford,Oscar gold,2006,2,675
Rip,Crawford,Pittsburgh hunchback,2006,8,676
Rip,Crawford,Polish brooklyn,2006,3,677
Rip,Crawford,Range moonwalker,2006,8,678
Rip,Crawford,Rings heartbreakers,2006,1,679
Rip,Crawford,Saints bride,2006,7,680
Rip,Crawford,Saturday lambs,2006,15,681
Rip,Crawford,Siege madre,2006,8,682
Rip,Crawford,Sorority queen,2006,9,683
Rip,Crawford,Texas watch,2006,11,684
Rip,Crawford,Train bunch,2006,11,685
Rip,Crawford,Tramp others,2006,5,686
Julia,Mcqueen,Amadeus holy,2006,1,687
Julia,Mcqueen,Arabia dogma,2006,11,688
Julia,Mcqueen,Bonnie holocaust,2006,6,689
Julia,Mcqueen,Cider desire,2006,6,690
Julia,Mcqueen,Coneheads smoochy,2006,7,691
Julia,Mcqueen,Effect gladiator,2006,8,692
Julia,Mcqueen,Freddy storm,2006,11,693
Julia,Mcqueen,Games bowfinger,2006,16,694
Julia,Mcqueen,Gladiator westward,2006,8,695
Julia,Mcqueen,Hanover galaxy,2006,12,696
Julia,Mcqueen,High encino,2006,11,697
Julia,Mcqueen,Insider arizona,2006,12,698
Julia,Mcqueen,Jawbreaker brooklyn,2006,12,699
Julia,Mcqueen,Kiss glory,2006,9,700
Julia,Mcqueen,Kramer chocolate,2006,15,701
Julia,Mcqueen,Lucky flying,2006,12,702
Julia,Mcqueen,Mockingbird hollywood,2006,1,703
Julia,Mcqueen,Monterey labyrinth,2006,11,704
Julia,Mcqueen,Open african,2006,14,705
Julia,Mcqueen,Pilot hoosiers,2006,8,706
Julia,Mcqueen,Pittsburgh hunchback,2006,8,707
Julia,Mcqueen,President bang,2006,8,708
Julia,Mcqueen,Scorpion apollo,2006,7,709
Julia,Mcqueen,Sleepless monsoon,2006,2,710
Julia,Mcqueen,Spirit flintstones,2006,11,711
Julia,Mcqueen,Strangers graffiti,2006,11,712
Julia,Mcqueen,Sweethearts suspects,2006,3,713
Julia,Mcqueen,Telemark heartbreakers,2006,2,714
Julia,Mcqueen,Ties hunger,2006,3,715
Julia,Mcqueen,Train bunch,2006,11,716
Julia,Mcqueen,Weekend personal,2006,14,717
Julia,Mcqueen,Wonka sea,2006,2,718
Julia,Mcqueen,Young language,2006,6,719
Woody,Hoffman,Alice fantasia,2006,4,720
Woody,Hoffman,Atlantis cause,2006,8,721
Woody,Hoffman,Beach heartbreakers,2006,6,722
Woody,Hoffman,Birch antitrust,2006,12,723
Woody,Hoffman,Breaking home,2006,13,724
Woody,Hoffman,Bunch minds,2006,7,725
Woody,Hoffman,Duck racer,2006,2,726
Woody,Hoffman,Durham panky,2006,15,727
Woody,Hoffman,Entrapment satisfaction,2006,1,728
Woody,Hoffman,Gilmore boiled,2006,4,729
Woody,Hoffman,Knock warlock,2006,5,730
Woody,Hoffman,Lambs cincinatti,2006,10,731
Woody,Hoffman,Loser hustler,2006,15,732
Woody,Hoffman,Maiden home,2006,13,733
Woody,Hoffman,Midnight westward,2006,1,734
Woody,Hoffman,Moonwalker fool,2006,10,735
Woody,Hoffman,Neighbors charade,2006,15,736
Woody,Hoffman,None spiking,2006,14,737
Woody,Hoffman,Pajama jawbreaker,2006,4,738
Woody,Hoffman,Pilot hoosiers,2006,8,739
Woody,Hoffman,Room roman,2006,2,740
Woody,Hoffman,Shootist superfly,2006,7,741
Woody,Hoffman,Shrunk divine,2006,1,742
Woody,Hoffman,Snowman rollercoaster,2006,2,743
Woody,Hoffman,Spice sorority,2006,7,744
Woody,Hoffman,Spy mile,2006,10,745
Woody,Hoffman,Telegraph voyage,2006,12,746
Woody,Hoffman,Trap guys,2006,9,747
Woody,Hoffman,Wait cider,2006,2,748
Woody,Hoffman,Wife turn,2006,6,749
Woody,Hoffman,Wyoming storm,2006,13,750
Alec,Wayne,Aladdin calendar,2006,15,751
Alec,Wayne,Blade polish,2006,7,752
Alec,Wayne,Bull shawshank,2006,1,753
Alec,Wayne,Cabin flash,2006,3,754
Alec,Wayne,Center dinosaur,2006,4,755
Alec,Wayne,Chamber italian,2006,12,756
Alec,Wayne,Coneheads smoochy,2006,7,757
Alec,Wayne,Destiny saturday,2006,13,758
Alec,Wayne,Effect gladiator,2006,8,759
Alec,Wayne,Encounters curtain,2006,7,760
Alec,Wayne,Express lonely,2006,14,761
Alec,Wayne,Fiction christmas,2006,9,762
Alec,Wayne,Freedom cleopatra,2006,5,763
Alec,Wayne,Fugitive maguire,2006,16,764
Alec,Wayne,Hours rage,2006,13,765
Alec,Wayne,Hustler party,2006,5,766
Alec,Wayne,Identity lover,2006,14,767
Alec,Wayne,Insider arizona,2006,12,768
Alec,Wayne,Jeopardy encino,2006,4,769
Alec,Wayne,Joon northwest,2006,15,770
Alec,Wayne,Liberty magnificent,2006,15,771
Alec,Wayne,Magic mallrats,2006,3,772
Alec,Wayne,Money harold,2006,13,773
Alec,Wayne,Outbreak divine,2006,10,774
Alec,Wayne,Reign gentlemen,2006,14,775
Alec,Wayne,Smoking barbarella,2006,6,776
Alec,Wayne,Summer scarface,2006,4,777
Alec,Wayne,Uptown young,2006,3,778
Alec,Wayne,Virgin daisy,2006,7,779
Sandra,Peck,Academy dinosaur,2006,6,780
Sandra,Peck,Bang kwai,2006,8,781
Sandra,Peck,Beethoven exorcist,2006,7,782
Sandra,Peck,Beverly outlaw,2006,14,783
Sandra,Peck,Birds perdition,2006,13,784
Sandra,Peck,Boondock ballroom,2006,16,785
Sandra,Peck,Dude blindness,2006,15,786
Sandra,Peck,Dumbo lust,2006,8,787
Sandra,Peck,Enough raging,2006,16,788
Sandra,Peck,Excitement eve,2006,1,789
Sandra,Peck,Family sweet,2006,11,790
Sandra,Peck,Firehouse vietnam,2006,1,791
Sandra,Peck,Flash wars,2006,13,792
Sandra,Peck,Gilbert pelican,2006,4,793
Sandra,Peck,Matrix snowman,2006,9,794
Sandra,Peck,Rings heartbreakers,2006,1,795
Sandra,Peck,Silence kane,2006,12,796
Sandra,Peck,Stagecoach armageddon,2006,1,797
Sandra,Peck,Virginian pluto,2006,6,798
Sissy,Sobieski,Born spinal,2006,16,799
Sissy,Sobieski,Chitty lock,2006,7,800
Sissy,Sobieski,Clyde theory,2006,13,801
Sissy,Sobieski,Coast rainbow,2006,6,802
Sissy,Sobieski,Crazy home,2006,5,803
Sissy,Sobieski,Factory dragon,2006,16,804
Sissy,Sobieski,Ferris mother,2006,5,805
Sissy,Sobieski,Gone trouble,2006,7,806
Sissy,Sobieski,Greek everyone,2006,9,807
Sissy,Sobieski,Hoosiers birdcage,2006,9,808
Sissy,Sobieski,Mob duffel,2006,7,809
Sissy,Sobieski,Open african,2006,14,810
Sissy,Sobieski,Prix undefeated,2006,8,811
Sissy,Sobieski,Rocky war,2006,7,812
Sissy,Sobieski,Shrunk divine,2006,1,813
Sissy,Sobieski,Sky miracle,2006,1,814
Sissy,Sobieski,Telemark heartbreakers,2006,2,815
Sissy,Sobieski,Wisdom worker,2006,5,816
Tim,Hackman,Behavior runaway,2006,11,817
Tim,Hackman,Boiled dares,2006,16,818
Tim,Hackman,Bucket brotherhood,2006,16,819
Tim,Hackman,Calendar gunfight,2006,9,820
Tim,Hackman,Chaplin license,2006,13,821
Tim,Hackman,Crusade honey,2006,15,822
Tim,Hackman,Cupboard sinners,2006,6,823
Tim,Hackman,Deep crusade,2006,6,824
Tim,Hackman,Feud frogmen,2006,8,825
Tim,Hackman,Fiddler lost,2006,14,826
Tim,Hackman,Harold french,2006,7,827
Tim,Hackman,Homeward cider,2006,6,828
Tim,Hackman,Hoosiers birdcage,2006,9,829
Tim,Hackman,Lights deer,2006,4,830
Tim,Hackman,Meet chocolate,2006,9,831
Tim,Hackman,Mob duffel,2006,7,832
Tim,Hackman,Mummy creatures,2006,15,833
Tim,Hackman,Packer madigan,2006,2,834
Tim,Hackman,Peach innocent,2006,15,835
Tim,Hackman,Pearl destiny,2006,9,836
Tim,Hackman,Snatchers montezuma,2006,4,837
Tim,Hackman,Uptown young,2006,3,838
Tim,Hackman,Wizard coldblooded,2006,12,839
Milla,Peck,Barefoot manchurian,2006,1,840
Milla,Peck,Calendar gunfight,2006,9,841
Milla,Peck,Chance resurrection,2006,15,842
Milla,Peck,Clash freddy,2006,2,843
Milla,Peck,Daughter madigan,2006,3,844
Milla,Peck,Dream pickup,2006,1,845
Milla,Peck,Fatal haunted,2006,13,846
Milla,Peck,Feathers metal,2006,10,847
Milla,Peck,Jacket frisco,2006,7,848
Milla,Peck,Juggler hardly,2006,2,849
Milla,Peck,Midnight westward,2006,1,850
Milla,Peck,Necklace outbreak,2006,7,851
Milla,Peck,Peach innocent,2006,15,852
Milla,Peck,Prejudice oleander,2006,4,853
Milla,Peck,Raiders antitrust,2006,6,854
Milla,Peck,Robbers joon,2006,3,855
Milla,Peck,Rock instinct,2006,11,856
Milla,Peck,Rushmore mermaid,2006,5,857
Milla,Peck,Seattle expecations,2006,7,858
Milla,Peck,Teen apollo,2006,16,859
Milla,Peck,Temple attraction,2006,11,860
Milla,Peck,Watership frontier,2006,11,861
Milla,Peck,Whisperer giant,2006,14,862
Milla,Peck,Wrong behavior,2006,3,863
Audrey,Olivier,Atlantis cause,2006,8,864
Audrey,Olivier,Boulevard mob,2006,13,865
Audrey,Olivier,Caper motions,2006,5,866
Audrey,Olivier,Cassidy wyoming,2006,16,867
Audrey,Olivier,Coneheads smoochy,2006,7,868
Audrey,Olivier,Control anthem,2006,5,869
Audrey,Olivier,Dorado notting,2006,12,870
Audrey,Olivier,French holiday,2006,6,871
Audrey,Olivier,Gunfighter mussolini,2006,15,872
Audrey,Olivier,Halloween nuts,2006,6,873
Audrey,Olivier,Human graffiti,2006,10,874
Audrey,Olivier,Kane exorcist,2006,9,875
Audrey,Olivier,Knock warlock,2006,5,876
Audrey,Olivier,Loathing legally,2006,4,877
Audrey,Olivier,Peak forever,2006,15,878
Audrey,Olivier,Redemption comforts,2006,13,879
Audrey,Olivier,Sense greek,2006,15,880
Audrey,Olivier,Ship wonderland,2006,6,881
Audrey,Olivier,Side ark,2006,1,882
Audrey,Olivier,Squad fish,2006,15,883
Audrey,Olivier,Sting personal,2006,13,884
Audrey,Olivier,Stranger strangers,2006,3,885
Audrey,Olivier,Usual untouchables,2006,9,886
Audrey,Olivier,Volume house,2006,4,887
Audrey,Olivier,Whale bikini,2006,9,888
Judy,Dean,Aladdin calendar,2006,15,889
Judy,Dean,Arachnophobia rollercoaster,2006,11,890
Judy,Dean,Ballroom mockingbird,2006,9,891
Judy,Dean,Cyclone family,2006,9,892
Judy,Dean,Drop waterfront,2006,15,893
Judy,Dean,Gunfighter mussolini,2006,15,894
Judy,Dean,Modern dorado,2006,6,895
Judy,Dean,Mussolini spoilers,2006,15,896
Judy,Dean,Nash chocolat,2006,2,897
Judy,Dean,Quest mussolini,2006,1,898
Judy,Dean,Rings heartbreakers,2006,1,899
Judy,Dean,Rocketeer mother,2006,9,900
Judy,Dean,Rugrats shakespeare,2006,1,901
Judy,Dean,Soldiers evolution,2006,14,902
Judy,Dean,Trouble date,2006,16,903
Burt,Dukakis,Alien center,2006,9,904
Burt,Dukakis,Blindness gun,2006,14,905
Burt,Dukakis,Commandments express,2006,11,906
Burt,Dukakis,Dinosaur secretary,2006,8,907
Burt,Dukakis,Double wrath,2006,2,908
Burt,Dukakis,Ending crowds,2006,13,909
Burt,Dukakis,Greek everyone,2006,9,910
Burt,Dukakis,Grinch massage,2006,10,911
Burt,Dukakis,Gun bonnie,2006,10,912
Burt,Dukakis,Guys falcon,2006,14,913
Burt,Dukakis,Heaven freedom,2006,5,914
Burt,Dukakis,Home pity,2006,12,915
Burt,Dukakis,Homeward cider,2006,6,916
Burt,Dukakis,Image princess,2006,15,917
Burt,Dukakis,Intolerable intentions,2006,6,918
Burt,Dukakis,Jerk paycheck,2006,4,919
Burt,Dukakis,Kane exorcist,2006,9,920
Burt,Dukakis,King evolution,2006,8,921
Burt,Dukakis,Menagerie rushmore,2006,2,922
Burt,Dukakis,Money harold,2006,13,923
Burt,Dukakis,Motions details,2006,11,924
Burt,Dukakis,Random go,2006,14,925
Burt,Dukakis,Range moonwalker,2006,8,926
Burt,Dukakis,Reap unfaithful,2006,11,927
Burt,Dukakis,Right cranes,2006,4,928
Burt,Dukakis,Talented homicide,2006,15,929
Burt,Dukakis,Truman crazy,2006,1,930
Burt,Dukakis,Valentine vanishing,2006,16,931
Burt,Dukakis,Wanda chamber,2006,10,932
Val,Bolger,Aladdin calendar,2006,15,933
Val,Bolger,Alaska phantom,2006,12,934
Val,Bolger,Amadeus holy,2006,1,935
Val,Bolger,Canyon stock,2006,2,936
Val,Bolger,Caper motions,2006,5,937
Val,Bolger,Carrie bunch,2006,11,938
Val,Bolger,Chitty lock,2006,7,939
Val,Bolger,Dalmations sweden,2006,7,940
Val,Bolger,Drifter commandments,2006,1,941
Val,Bolger,Dude blindness,2006,15,942
Val,Bolger,Elephant trojan,2006,11,943
Val,Bolger,Fireball philadelphia,2006,5,944
Val,Bolger,Intrigue worst,2006,9,945
Val,Bolger,Jawbreaker brooklyn,2006,12,946
Val,Bolger,Jersey sassy,2006,3,947
Val,Bolger,Lambs cincinatti,2006,10,948
Val,Bolger,Lonely elephant,2006,5,949
Val,Bolger,Maker gables,2006,3,950
Val,Bolger,Mallrats united,2006,5,951
Val,Bolger,Metropolis coma,2006,14,952
Val,Bolger,Model fish,2006,3,953
Val,Bolger,Paths control,2006,7,954
Val,Bolger,Patient sister,2006,4,955
Val,Bolger,Prejudice oleander,2006,4,956
Val,Bolger,Primary glass,2006,1,957
Val,Bolger,Shawshank bubble,2006,16,958
Val,Bolger,Stallion sundance,2006,14,959
Val,Bolger,Stampede disturbing,2006,10,960
Val,Bolger,Stranger strangers,2006,3,961
Val,Bolger,Town ark,2006,9,962
Val,Bolger,United pilot,2006,6,963
Val,Bolger,Watch tracy,2006,2,964
Val,Bolger,Wedding apollo,2006,6,965
Val,Bolger,Working microcosmos,2006,16,966
Val,Bolger,Youth kick,2006,12,967
Tom,Mckellen,Analyze hoosiers,2006,11,968
Tom,Mckellen,Caddyshack jedi,2006,1,969
Tom,Mckellen,Club graffiti,2006,2,970
Tom,Mckellen,Congeniality quest,2006,15,971
Tom,Mckellen,Desire alien,2006,2,972
Tom,Mckellen,Donnie alley,2006,2,973
Tom,Mckellen,Egg igby,2006,6,974
Tom,Mckellen,Freedom cleopatra,2006,5,975
Tom,Mckellen,Frisco forrest,2006,14,976
Tom,Mckellen,Gentlemen stage,2006,9,977
Tom,Mckellen,Idaho love,2006,13,978
Tom,Mckellen,Idols snatchers,2006,3,979
Tom,Mckellen,Indian love,2006,8,980
Tom,Mckellen,Kissing dolls,2006,1,981
Tom,Mckellen,Legend jedi,2006,12,982
Tom,Mckellen,Magic mallrats,2006,3,983
Tom,Mckellen,Mission zoolander,2006,2,984
Tom,Mckellen,Necklace outbreak,2006,7,985
Tom,Mckellen,Neighbors charade,2006,15,986
Tom,Mckellen,Purple movie,2006,9,987
Tom,Mckellen,Shrunk divine,2006,1,988
Tom,Mckellen,Spice sorority,2006,7,989
Tom,Mckellen,Stallion sundance,2006,14,990
Tom,Mckellen,Stranger strangers,2006,3,991
Tom,Mckellen,Tarzan videotape,2006,11,992
Goldie,Brody,Bilko anonymous,2006,8,993
Goldie,Brody,Bingo talented,2006,14,994
Goldie,Brody,Comancheros enemy,2006,3,995
Goldie,Brody,Daisy menagerie,2006,14,996
Goldie,Brody,Desert poseidon,2006,11,997
Goldie,Brody,Everyone craft,2006,9,998
Goldie,Brody,Exorcist sting,2006,15,999
